testing_set_index	precision	recall	F1	MCC	AUC	fungal_FP	bacterial_FP	viral_FN	toolcombo	numtools
1	0	0	0	0	0.5	0	0	1000	0 0 0 0 0 0	0
1	0	0	0	0	0.5	0	0	1000	0 1 0 0 0 0	1
2	0	0	0	0	0.5	0	0	1000	0 0 0 0 0 0	0
2	0	0	0	0	0.5	0	0	1000	0 1 0 0 0 0	1
3	0	0	0	0	0.5	0	0	1000	0 0 0 0 0 0	0
3	0	0	0	0	0.5	0	0	1000	0 1 0 0 0 0	1
4	0	0	0	0	0.5	0	0	1000	0 0 0 0 0 0	0
4	0	0	0	0	0.5	0	0	1000	0 1 0 0 0 0	1
5	0	0	0	0	0.5	0	0	1000	0 0 0 0 0 0	0
5	0	0	0	0	0.5	0	0	1000	0 1 0 0 0 0	1
6	0	0	0	0	0.5	0	0	1000	0 0 0 0 0 0	0
6	0	0	0	0	0.5	0	0	1000	0 1 0 0 0 0	1
7	0	0	0	0	0.5	0	0	1000	0 0 0 0 0 0	0
7	0	0	0	0	0.5	0	0	1000	0 1 0 0 0 0	1
8	0	0	0	0	0.5	0	0	1000	0 0 0 0 0 0	0
8	0	0	0	0	0.5	0	0	1000	0 1 0 0 0 0	1
9	0	0	0	0	0.5	0	0	1000	0 0 0 0 0 0	0
9	0	0	0	0	0.5	0	0	1000	0 1 0 0 0 0	1
10	0	0	0	0	0.5	0	0	1000	0 0 0 0 0 0	0
10	0	0	0	0	0.5	0	0	1000	0 1 0 0 0 0	1
9	0.3157894736842105	0.018	0.03405865657521286	0.053597683770789335	0.6873	0	6429	982	0 0 0 0 0 1	1
9	0.3157894736842105	0.018	0.03405865657521286	0.053597683770789335	0.6873	0	6429	982	0 1 0 0 0 1	2
2	0.3269230769230769	0.017	0.03231939163498099	0.053866610199530915	0.6943	0	6439	983	0 0 0 0 0 1	1
2	0.3269230769230769	0.017	0.03231939163498099	0.053866610199530915	0.6943	0	6439	983	0 1 0 0 0 1	2
3	0.3333333333333333	0.017	0.03235014272121789	0.054912441334031524	0.6776	0	6446	983	0 0 0 0 0 1	1
3	0.3333333333333333	0.017	0.03235014272121789	0.054912441334031524	0.6776	0	6446	983	0 1 0 0 0 1	2
4	0.34	0.017	0.03238095238095238	0.05592971451021046	0.6787	0	6439	983	0 0 0 0 0 1	1
4	0.34	0.017	0.03238095238095238	0.05592971451021046	0.6787	0	6439	983	0 1 0 0 0 1	2
1	0.3617021276595745	0.017	0.03247373447946514	0.05920376063822832	0.688	0	6434	983	0 0 0 0 0 1	1
1	0.3617021276595745	0.017	0.03247373447946514	0.05920376063822832	0.688	0	6434	983	0 1 0 0 0 1	2
10	0.3620689655172414	0.021	0.03969754253308129	0.0658923298665761	0.6911	0	6441	979	0 0 0 0 0 1	1
10	0.3620689655172414	0.021	0.03969754253308129	0.0658923298665761	0.6911	0	6441	979	0 1 0 0 0 1	2
6	0.4418604651162791	0.019	0.03643336529242569	0.07418377268239482	0.6869	0	6446	981	0 0 0 0 0 1	1
6	0.4418604651162791	0.019	0.03643336529242569	0.07418377268239482	0.6869	0	6446	981	0 1 0 0 0 1	2
8	0.43137254901960786	0.022	0.04186489058039961	0.07834668342581044	0.696	0	6447	978	0 0 0 0 0 1	1
8	0.43137254901960786	0.022	0.04186489058039961	0.07834668342581044	0.696	0	6447	978	0 1 0 0 0 1	2
5	0.49019607843137253	0.025	0.04757373929590866	0.09241659942710449	0.6957	0	6451	975	0 0 0 0 0 1	1
5	0.49019607843137253	0.025	0.04757373929590866	0.09241659942710449	0.6957	0	6451	975	0 1 0 0 0 1	2
7	0.45454545454545453	0.03	0.056285178236397754	0.09550209949863854	0.6964	0	6436	970	0 0 0 0 0 1	1
7	0.45454545454545453	0.03	0.056285178236397754	0.09550209949863854	0.6964	0	6436	970	0 1 0 0 0 1	2
2	0.32416396979503775	0.601	0.4211632796075683	0.3525836458184673	0.7872	0	5377	399	0 0 0 0 1 0	1
2	0.32416396979503775	0.601	0.4211632796075683	0.3525836458184673	0.7872	0	5377	399	0 1 0 0 1 0	2
10	0.33870040253018974	0.589	0.43008397225264694	0.36141857182230885	0.7943	0	5490	411	0 0 0 0 1 0	1
10	0.33870040253018974	0.589	0.43008397225264694	0.36141857182230885	0.7943	0	5490	411	0 1 0 0 1 0	2
10	0.6603260869565217	0.243	0.35526315789473684	0.36361771669352877	0.7367	0	6368	757	0 0 0 1 0 1	2
10	0.6603260869565217	0.243	0.35526315789473684	0.36361771669352877	0.7367	0	6368	757	0 1 0 1 0 1	3
10	0.7188498402555911	0.225	0.34272658035034276	0.36951795832227075	0.6074	0	6403	775	0 0 0 1 0 0	1
10	0.7188498402555911	0.225	0.34272658035034276	0.36951795832227075	0.6074	0	6403	775	0 1 0 1 0 0	2
2	0.33262599469496024	0.627	0.4346620450606586	0.36991720276048573	0.8175	0	5373	373	0 0 0 1 1 0	2
2	0.33262599469496024	0.627	0.4346620450606586	0.36991720276048573	0.8175	0	5373	373	0 1 0 1 1 0	3
10	0.34415954415954414	0.604	0.43847549909255895	0.37189415841713924	0.8075	0	5490	396	0 0 0 1 1 0	2
10	0.34415954415954414	0.604	0.43847549909255895	0.37189415841713924	0.8075	0	5490	396	0 1 0 1 1 0	3
9	0.3480278422273782	0.6	0.44052863436123346	0.3737329286149664	0.7977	0	5481	400	0 0 0 0 1 0	1
9	0.3480278422273782	0.6	0.44052863436123346	0.3737329286149664	0.7977	0	5481	400	0 1 0 0 1 0	2
2	0.33717277486910996	0.644	0.4426116838487973	0.3803797750671402	0.8323	156	5366	356	0 0 0 0 1 1	2
2	0.33717277486910996	0.644	0.4426116838487973	0.3803797750671402	0.8323	156	5366	356	0 1 0 0 1 1	3
2	0.3181011535048802	0.717	0.4406883835279656	0.3881860218965772	0.8935	75	5316	283	1 0 0 1 1 0	3
2	0.3181011535048802	0.717	0.4406883835279656	0.3881860218965772	0.8935	75	5316	283	1 1 0 1 1 0	4
2	0.318808359270787	0.717	0.44136657433056325	0.388903630845829	0.8909	75	5320	283	1 0 0 0 1 0	2
2	0.318808359270787	0.717	0.44136657433056325	0.388903630845829	0.8909	75	5320	283	1 1 0 0 1 0	3
7	0.36342042755344417	0.612	0.45603576751117736	0.3917292330055759	0.7988	0	5540	388	0 0 0 0 1 0	1
7	0.36342042755344417	0.612	0.45603576751117736	0.3917292330055759	0.7988	0	5540	388	0 1 0 0 1 0	2
10	0.35352973874374655	0.636	0.45444801714898186	0.3923058615193528	0.8321	162	5479	364	0 0 0 0 1 1	2
10	0.35352973874374655	0.636	0.45444801714898186	0.3923058615193528	0.8321	162	5479	364	0 1 0 0 1 1	3
2	0.3428128231644261	0.663	0.4519427402862986	0.39262855924873674	0.8488	156	5362	337	0 0 0 1 1 1	3
2	0.3428128231644261	0.663	0.4519427402862986	0.39262855924873674	0.8488	156	5362	337	0 1 0 1 1 1	4
5	0.3705275924802911	0.611	0.4613061532653832	0.3973950256838231	0.8016	162	5575	389	0 0 0 0 1 0	1
5	0.3705275924802911	0.611	0.4613061532653832	0.3973950256838231	0.8016	162	5575	389	0 1 0 0 1 0	2
10	0.35655058043117743	0.645	0.4592381630473478	0.3984086353997331	0.8389	162	5479	355	0 0 0 1 1 1	3
10	0.35655058043117743	0.645	0.4592381630473478	0.3984086353997331	0.8389	162	5479	355	0 1 0 1 1 1	4
6	0.3716012084592145	0.615	0.4632768361581921	0.39972922563640845	0.8136	0	5581	385	0 0 0 0 1 0	1
6	0.3716012084592145	0.615	0.4632768361581921	0.39972922563640845	0.8136	0	5581	385	0 1 0 0 1 0	2
9	0.36142533936651583	0.639	0.4617052023121387	0.40035934133218193	0.8267	0	5478	361	0 0 0 1 1 0	2
9	0.36142533936651583	0.639	0.4617052023121387	0.40035934133218193	0.8267	0	5478	361	0 1 0 1 1 0	3
9	0.3606281547952888	0.643	0.4620912684153791	0.40119269147468906	0.8326	162	5467	357	0 0 0 0 1 1	2
9	0.3606281547952888	0.643	0.4620912684153791	0.40119269147468906	0.8326	162	5467	357	0 1 0 0 1 1	3
10	0.33771106941838647	0.72	0.45977011494252873	0.40880317677272987	0.8914	71	5431	280	1 0 0 0 1 0	2
10	0.33771106941838647	0.72	0.45977011494252873	0.40880317677272987	0.8924	71	5431	280	1 0 0 1 1 0	3
10	0.33771106941838647	0.72	0.45977011494252873	0.40880317677272987	0.8914	71	5431	280	1 1 0 0 1 0	3
10	0.33771106941838647	0.72	0.45977011494252873	0.40880317677272987	0.8924	71	5431	280	1 1 0 1 1 0	4
3	0.38500315059861373	0.611	0.4723618090452261	0.40948842371059835	0.8119	0	5645	389	0 0 0 0 1 0	1
3	0.38500315059861373	0.611	0.4723618090452261	0.40948842371059835	0.8119	0	5645	389	0 1 0 0 1 0	2
1	0.37331772966647164	0.638	0.4710225175341454	0.41034675436352913	0.8087	0	5544	362	0 0 0 0 1 0	1
1	0.37331772966647164	0.638	0.4710225175341454	0.41034675436352913	0.8087	0	5544	362	0 1 0 0 1 0	2
7	0.37369033760186265	0.642	0.47240618101545256	0.4122007895294313	0.826	0	5539	358	0 0 0 1 1 0	2
7	0.37369033760186265	0.642	0.47240618101545256	0.4122007895294313	0.826	0	5539	358	0 1 0 1 1 0	3
5	0.3807829181494662	0.642	0.47803425167535374	0.4182500018338673	0.827	162	5572	358	0 0 0 1 1 0	2
5	0.3807829181494662	0.642	0.47803425167535374	0.4182500018338673	0.827	162	5572	358	0 1 0 1 1 0	3
9	0.3691460055096419	0.67	0.4760213143872114	0.4190630787001011	0.8494	162	5464	330	0 0 0 1 1 1	3
9	0.3691460055096419	0.67	0.4760213143872114	0.4190630787001011	0.8494	162	5464	330	0 1 0 1 1 1	4
7	0.3770207852193995	0.653	0.4780380673499267	0.4193561182889132	0.8379	0	5534	347	0 0 0 0 1 1	2
7	0.3770207852193995	0.653	0.4780380673499267	0.4193561182889132	0.8379	0	5534	347	0 1 0 0 1 1	3
6	0.38120567375886527	0.645	0.4791976225854384	0.4196542214631991	0.8408	0	5579	355	0 0 0 1 1 0	2
6	0.38120567375886527	0.645	0.4791976225854384	0.4196542214631991	0.8408	0	5579	355	0 1 0 1 1 0	3
9	0.34421641791044777	0.738	0.4694656488549618	0.42163223373349856	0.9034	73	5421	262	1 0 0 1 1 0	3
9	0.34421641791044777	0.738	0.4694656488549618	0.42163223373349856	0.9034	73	5421	262	1 1 0 1 1 0	4
9	0.34469873890705277	0.738	0.4699140401146132	0.4220981667182044	0.9	73	5424	262	1 0 0 0 1 0	2
9	0.34469873890705277	0.738	0.4699140401146132	0.4220981667182044	0.9	73	5424	262	1 1 0 0 1 0	3
7	0.3517174649250121	0.727	0.47407890446690587	0.42479298770510987	0.9008	77	5505	273	1 0 0 1 1 0	3
7	0.3517174649250121	0.727	0.47407890446690587	0.42479298770510987	0.9008	77	5505	273	1 1 0 1 1 0	4
7	0.35205811138014526	0.727	0.47438825448613375	0.42511471584619637	0.8971	77	5506	273	1 0 0 0 1 0	2
7	0.35205811138014526	0.727	0.47438825448613375	0.42511471584619637	0.8971	77	5506	273	1 1 0 0 1 0	3
5	0.3840281855549031	0.654	0.48390677025527185	0.42573442052649274	0.8378	161	5566	346	0 0 0 0 1 1	2
5	0.3840281855549031	0.654	0.48390677025527185	0.42573442052649274	0.8378	161	5566	346	0 1 0 0 1 1	3
5	0.35668156979632387	0.718	0.47660139395950873	0.4261038531268193	0.9026	92	5511	282	1 0 0 1 1 0	3
5	0.35668156979632387	0.718	0.47660139395950873	0.4261038531268193	0.9026	92	5511	282	1 1 0 1 1 0	4
5	0.3572139303482587	0.718	0.47707641196013295	0.42659867034194676	0.9002	92	5514	282	1 0 0 0 1 0	2
5	0.3572139303482587	0.718	0.47707641196013295	0.42659867034194676	0.9002	92	5514	282	1 1 0 0 1 0	3
2	0.33263334733305333	0.792	0.46850044365572313	0.4297616050417852	0.9047	74	5292	208	1 0 0 1 1 1	4
2	0.33263334733305333	0.792	0.46850044365572313	0.4297616050417852	0.9047	74	5292	208	1 1 0 1 1 1	5
2	0.3333333333333333	0.792	0.46919431279620855	0.430475456022277	0.9022	74	5296	208	1 0 0 0 1 1	3
2	0.3333333333333333	0.792	0.46919431279620855	0.430475456022277	0.9022	74	5296	208	1 1 0 0 1 1	4
1	0.38316151202749144	0.669	0.4872541879096869	0.43092153151933793	0.8373	0	5542	331	0 0 0 1 1 0	2
1	0.38316151202749144	0.669	0.4872541879096869	0.43092153151933793	0.8373	0	5542	331	0 1 0 1 1 0	3
7	0.38325740318906604	0.673	0.488388969521045	0.43254922161927606	0.8539	0	5533	327	0 0 0 1 1 1	3
7	0.38325740318906604	0.673	0.488388969521045	0.43254922161927606	0.8539	0	5533	327	0 1 0 1 1 1	4
3	0.39571865443425075	0.647	0.4910815939278937	0.43276182870065705	0.8359	0	5640	353	0 0 0 1 1 0	2
3	0.39571865443425075	0.647	0.4910815939278937	0.43276182870065705	0.8359	0	5640	353	0 1 0 1 1 0	3
6	0.38879159369527144	0.666	0.49096940656100263	0.43438076908241624	0.8488	0	5575	334	0 0 0 0 1 1	2
6	0.38879159369527144	0.666	0.49096940656100263	0.43438076908241624	0.8488	0	5575	334	0 1 0 0 1 1	3
3	0.39634146341463417	0.65	0.49242424242424243	0.43448330357801657	0.8452	163	5633	350	0 0 0 0 1 1	2
3	0.39634146341463417	0.65	0.49242424242424243	0.43448330357801657	0.8452	163	5633	350	0 1 0 0 1 1	3
10	0.3453493546951491	0.776	0.47797967354481063	0.4367531688521976	0.9013	70	5397	224	1 0 0 0 1 1	3
10	0.3453493546951491	0.776	0.47797967354481063	0.4367531688521976	0.9022	70	5397	224	1 0 0 1 1 1	4
10	0.3453493546951491	0.776	0.47797967354481063	0.4367531688521976	0.9013	70	5397	224	1 1 0 0 1 1	4
10	0.3453493546951491	0.776	0.47797967354481063	0.4367531688521976	0.9022	70	5397	224	1 1 0 1 1 1	5
1	0.3859250851305335	0.68	0.4923968139029689	0.43761809504296667	0.8423	173	5535	320	0 0 0 0 1 1	2
1	0.3859250851305335	0.68	0.4923968139029689	0.43761809504296667	0.8423	173	5535	320	0 1 0 0 1 1	3
1	0.36090953072085147	0.746	0.48646886208020873	0.4405744897973118	0.9108	86	5500	254	1 0 0 1 1 0	3
1	0.36090953072085147	0.746	0.48646886208020873	0.4405744897973118	0.9108	86	5500	254	1 1 0 1 1 0	4
5	0.39087759815242495	0.677	0.49560761346998533	0.4406454583302846	0.8518	161	5563	323	0 0 0 1 1 1	3
5	0.39087759815242495	0.677	0.49560761346998533	0.4406454583302846	0.8518	161	5563	323	0 1 0 1 1 1	4
1	0.36143410852713176	0.746	0.4869451697127938	0.4410654996728467	0.9063	86	5502	254	1 0 0 0 1 0	2
1	0.36143410852713176	0.746	0.4869451697127938	0.4410654996728467	0.9063	86	5502	254	1 1 0 0 1 0	3
3	0.3698630136986301	0.729	0.4907438572871087	0.4424624779545815	0.9044	89	5591	271	1 0 0 1 1 0	3
3	0.3698630136986301	0.729	0.4907438572871087	0.4424624779545815	0.9044	89	5591	271	1 1 0 1 1 0	4
3	0.3702386998476384	0.729	0.4910744358369821	0.4428045113644932	0.9007	89	5593	271	1 0 0 0 1 0	2
3	0.3702386998476384	0.729	0.4910744358369821	0.4428045113644932	0.9007	89	5593	271	1 1 0 0 1 0	3
4	0.4342485549132948	0.601	0.5041946308724832	0.4437347990943951	0.8151	0	5786	399	0 0 0 0 1 0	1
4	0.4342485549132948	0.601	0.5041946308724832	0.4437347990943951	0.8151	0	5786	399	0 1 0 0 1 0	2
6	0.3646543330087634	0.749	0.49050425671250814	0.4450499876485114	0.9085	81	5532	251	1 0 0 1 1 0	3
6	0.3646543330087634	0.749	0.49050425671250814	0.4450499876485114	0.9085	81	5532	251	1 1 0 1 1 0	4
6	0.36500974658869395	0.749	0.49082568807339444	0.4453808835014424	0.9041	81	5534	251	1 0 0 0 1 0	2
6	0.36500974658869395	0.749	0.49082568807339444	0.4453808835014424	0.9041	81	5534	251	1 1 0 0 1 0	3
9	0.35097864768683273	0.789	0.4858374384236453	0.4470046368140222	0.9095	72	5394	211	1 0 0 1 1 1	4
9	0.35097864768683273	0.789	0.4858374384236453	0.4470046368140222	0.9095	72	5394	211	1 1 0 1 1 1	5
9	0.35144766146993317	0.789	0.48628659476117103	0.4474632590912278	0.9061	72	5397	211	1 0 0 0 1 1	3
9	0.35144766146993317	0.789	0.48628659476117103	0.4474632590912278	0.9061	72	5397	211	1 1 0 0 1 1	4
6	0.3949483352468427	0.688	0.5018234865061998	0.44833466058325117	0.8657	0	5573	312	0 0 0 1 1 1	3
6	0.3949483352468427	0.688	0.5018234865061998	0.44833466058325117	0.8657	0	5573	312	0 1 0 1 1 1	4
1	0.39217877094972065	0.702	0.5032258064516129	0.4516630830834101	0.8597	173	5533	298	0 0 0 1 1 1	3
1	0.39217877094972065	0.702	0.5032258064516129	0.4516630830834101	0.8597	173	5533	298	0 1 0 1 1 1	4
3	0.4042806183115339	0.68	0.5070842654735273	0.45314189724296594	0.861	163	5628	320	0 0 0 1 1 1	3
3	0.4042806183115339	0.68	0.5070842654735273	0.45314189724296594	0.861	163	5628	320	0 1 0 1 1 1	4
7	0.36071592473611747	0.786	0.49449512425290976	0.4553674394162006	0.9095	77	5479	214	1 0 0 1 1 1	4
7	0.36071592473611747	0.786	0.49449512425290976	0.4553674394162006	0.9095	77	5479	214	1 1 0 1 1 1	5
7	0.36104731281580155	0.786	0.4948064211520302	0.45568444947128883	0.906	77	5480	214	1 0 0 0 1 1	3
7	0.36104731281580155	0.786	0.4948064211520302	0.45568444947128883	0.906	77	5480	214	1 1 0 0 1 1	4
5	0.3654750705550329	0.777	0.49712092130518226	0.4565267929809953	0.9112	91	5482	223	1 0 0 1 1 1	4
5	0.3654750705550329	0.777	0.49712092130518226	0.4565267929809953	0.9112	91	5482	223	1 1 0 1 1 1	5
5	0.365819209039548	0.777	0.49743918053777203	0.45685130650951433	0.9087	91	5484	223	1 0 0 0 1 1	3
5	0.365819209039548	0.777	0.49743918053777203	0.45685130650951433	0.9087	91	5484	223	1 1 0 0 1 1	4
1	0.36589861751152075	0.794	0.5009463722397477	0.46334266633811616	0.9178	84	5473	206	1 0 0 1 1 1	4
1	0.36589861751152075	0.794	0.5009463722397477	0.46334266633811616	0.9178	84	5473	206	1 1 0 1 1 1	5
4	0.4050632911392405	0.704	0.5142439737034332	0.46338891383164876	0.9099	86	5748	296	1 0 0 0 1 0	2
4	0.4050632911392405	0.704	0.5142439737034332	0.46338891383164876	0.9099	86	5748	296	1 1 0 0 1 0	3
4	0.40493968983342904	0.705	0.514410798978475	0.4636865009854196	0.9137	86	5746	295	1 0 0 1 1 0	3
4	0.40493968983342904	0.705	0.514410798978475	0.4636865009854196	0.9137	86	5746	295	1 1 0 1 1 0	4
1	0.36640516843562526	0.794	0.5014209030628354	0.46382396146162985	0.9135	84	5475	206	1 0 0 0 1 1	3
1	0.36640516843562526	0.794	0.5014209030628354	0.46382396146162985	0.9135	84	5475	206	1 1 0 0 1 1	4
4	0.4450704225352113	0.632	0.522314049586777	0.46520640783840433	0.8333	0	5783	368	0 0 0 1 1 0	2
4	0.4450704225352113	0.632	0.522314049586777	0.46520640783840433	0.8333	0	5783	368	0 1 0 1 1 0	3
4	0.44491228070175437	0.634	0.5228865979381444	0.4659506311340752	0.8472	0	5779	366	0 0 0 0 1 1	2
4	0.44491228070175437	0.634	0.5228865979381444	0.4659506311340752	0.8472	0	5779	366	0 1 0 0 1 1	3
3	0.3771593090211132	0.786	0.5097276264591439	0.4709261263331181	0.9128	88	5562	214	1 0 0 1 1 1	4
3	0.3771593090211132	0.786	0.5097276264591439	0.4709261263331181	0.9128	88	5562	214	1 1 0 1 1 1	5
3	0.37752161383285304	0.786	0.5100584036340039	0.47126145776948775	0.9091	88	5564	214	1 0 0 0 1 1	3
3	0.37752161383285304	0.786	0.5100584036340039	0.47126145776948775	0.9091	88	5564	214	1 1 0 0 1 1	4
6	0.3736162361623616	0.81	0.5113636363636364	0.4765586985577166	0.9168	80	5509	190	1 0 0 1 1 1	4
6	0.3736162361623616	0.81	0.5113636363636364	0.4765586985577166	0.9168	80	5509	190	1 1 0 1 1 1	5
6	0.3739612188365651	0.81	0.5116866708780795	0.47688426875283385	0.9128	80	5511	190	1 0 0 0 1 1	3
6	0.3739612188365651	0.81	0.5116866708780795	0.47688426875283385	0.9128	80	5511	190	1 1 0 0 1 1	4
4	0.45254470426409904	0.658	0.5362673186634067	0.4820527598443054	0.8601	0	5776	342	0 0 0 1 1 1	3
4	0.45254470426409904	0.658	0.5362673186634067	0.4820527598443054	0.8601	0	5776	342	0 1 0 1 1 1	4
8	0.47368421052631576	0.63	0.5407725321888411	0.48532964659656697	0.8266	162	5902	370	0 0 0 0 1 0	1
8	0.47368421052631576	0.63	0.5407725321888411	0.48532964659656697	0.8266	162	5902	370	0 1 0 0 1 0	2
4	0.41433189655172414	0.769	0.5385154061624651	0.497326889898221	0.9164	85	5723	231	1 0 0 0 1 1	3
4	0.41433189655172414	0.769	0.5385154061624651	0.497326889898221	0.9164	85	5723	231	1 1 0 0 1 1	4
4	0.41420118343195267	0.77	0.5386498775795733	0.4976151426550575	0.9203	85	5721	230	1 0 0 1 1 1	4
4	0.41420118343195267	0.77	0.5386498775795733	0.4976151426550575	0.9203	85	5721	230	1 1 0 1 1 1	5
8	0.43374925727866903	0.73	0.5441669772642564	0.4976988185104317	0.9137	73	5855	270	1 0 0 0 1 0	2
8	0.43374925727866903	0.73	0.5441669772642564	0.4976988185104317	0.9137	73	5855	270	1 1 0 0 1 0	3
8	0.4333135743924126	0.731	0.544101228135467	0.49775715330165	0.9169	73	5853	269	1 0 0 1 1 0	3
8	0.4333135743924126	0.731	0.544101228135467	0.49775715330165	0.9169	73	5853	269	1 1 0 1 1 0	4
8	0.48273328434974283	0.657	0.556543837357052	0.5039064952528557	0.8422	162	5900	343	0 0 0 1 1 0	2
8	0.48273328434974283	0.657	0.556543837357052	0.5039064952528557	0.8422	162	5900	343	0 1 0 1 1 0	3
8	0.48590021691973967	0.672	0.5639949643306756	0.5128909881482854	0.8598	161	5893	328	0 0 0 0 1 1	2
8	0.48590021691973967	0.672	0.5639949643306756	0.5128909881482854	0.8598	161	5893	328	0 1 0 0 1 1	3
8	0.4914651493598862	0.691	0.5743973399833748	0.5254032438876156	0.8706	161	5891	309	0 0 0 1 1 1	3
8	0.4914651493598862	0.691	0.5743973399833748	0.5254032438876156	0.8706	161	5891	309	0 1 0 1 1 1	4
8	0.44178272980501393	0.793	0.5674418604651162	0.5302566234924903	0.922	72	5832	207	1 0 0 0 1 1	3
8	0.44178272980501393	0.793	0.5674418604651162	0.5302566234924903	0.922	72	5832	207	1 1 0 0 1 1	4
8	0.4413563090605892	0.794	0.5673454805287602	0.5303126711302284	0.925	72	5830	206	1 0 0 1 1 1	4
8	0.4413563090605892	0.794	0.5673454805287602	0.5303126711302284	0.925	72	5830	206	1 1 0 1 1 1	5
2	0.6889204545454546	0.485	0.5692488262910799	0.5386013696168436	0.7925	0	6289	515	0 0 0 1 0 1	2
2	0.6889204545454546	0.485	0.5692488262910799	0.5386013696168436	0.7925	0	6289	515	0 1 0 1 0 1	3
10	0.6074866310160428	0.568	0.5870801033591732	0.5413971587380564	0.8883	0	6154	432	1 0 0 0 0 0	1
10	0.6074866310160428	0.568	0.5870801033591732	0.5413971587380564	0.8883	0	6154	432	1 1 0 0 0 0	2
4	0.6312785388127854	0.553	0.5895522388059702	0.5469451321988721	0.8944	0	6171	447	1 0 0 0 0 0	1
4	0.6312785388127854	0.553	0.5895522388059702	0.5469451321988721	0.8944	0	6171	447	1 1 0 0 0 0	2
10	0.5638297872340425	0.636	0.5977443609022556	0.5492385842605622	0.9017	0	6057	364	1 0 0 0 0 1	2
10	0.5638297872340425	0.636	0.5977443609022556	0.5492385842605622	0.9017	0	6057	364	1 1 0 0 0 1	3
2	0.7220543806646526	0.478	0.5752105896510229	0.5505751001686587	0.7283	0	6323	522	0 0 0 1 0 0	1
2	0.7220543806646526	0.478	0.5752105896510229	0.5505751001686587	0.7283	0	6323	522	0 1 0 1 0 0	2
2	0.6273637374860956	0.564	0.593996840442338	0.5506494743910566	0.8926	0	6183	436	1 0 0 0 0 0	1
2	0.6273637374860956	0.564	0.593996840442338	0.5506494743910566	0.8926	0	6183	436	1 1 0 0 0 0	2
4	0.5761467889908257	0.628	0.6009569377990431	0.5531358779765141	0.9031	171	6064	372	1 0 0 0 0 1	2
4	0.5761467889908257	0.628	0.6009569377990431	0.5531358779765141	0.9031	171	6064	372	1 1 0 0 0 1	3
6	0.6291390728476821	0.57	0.5981112277019937	0.5548561977010261	0.8944	0	6166	430	1 0 0 0 0 0	1
6	0.6291390728476821	0.57	0.5981112277019937	0.5548561977010261	0.8944	0	6166	430	1 1 0 0 0 0	2
10	0.6129032258064516	0.589	0.6007139214686384	0.5556073267818864	0.891	0	6150	411	1 0 0 1 0 0	2
10	0.6129032258064516	0.589	0.6007139214686384	0.5556073267818864	0.891	0	6150	411	1 1 0 1 0 0	3
9	0.6937669376693767	0.512	0.5891829689298044	0.557089844476837	0.7913	0	6266	488	0 0 0 1 0 1	2
9	0.6937669376693767	0.512	0.5891829689298044	0.557089844476837	0.7913	0	6266	488	0 1 0 1 0 1	3
3	0.7011019283746557	0.509	0.589803012746234	0.5591011155992289	0.7925	0	6293	491	0 0 0 1 0 1	2
3	0.7011019283746557	0.509	0.589803012746234	0.5591011155992289	0.7925	0	6293	491	0 1 0 1 0 1	3
10	0.5679442508710801	0.652	0.6070763500931098	0.5597011823228578	0.9037	0	6054	348	1 0 0 1 0 1	3
10	0.5679442508710801	0.652	0.6070763500931098	0.5597011823228578	0.9037	0	6054	348	1 1 0 1 0 1	4
3	0.6356589147286822	0.574	0.6032580136626379	0.5608271016413775	0.8903	0	6186	426	1 0 0 0 0 0	1
3	0.6356589147286822	0.574	0.6032580136626379	0.5608271016413775	0.8903	0	6186	426	1 1 0 0 0 0	2
3	0.5822669104204753	0.637	0.6084049665711557	0.5615061476812123	0.9019	0	6086	363	1 0 0 0 0 1	2
3	0.5822669104204753	0.637	0.6084049665711557	0.5615061476812123	0.9019	0	6086	363	1 1 0 0 0 1	3
5	0.6957104557640751	0.519	0.5945017182130585	0.5622350491796407	0.7954	0	6279	481	0 0 0 1 0 1	2
5	0.6957104557640751	0.519	0.5945017182130585	0.5622350491796407	0.7954	0	6279	481	0 1 0 1 0 1	3
3	0.9052132701421801	0.382	0.5372714486638537	0.5624033502498842	0.8272	153	6456	618	0 0 1 0 0 1	2
3	0.9052132701421801	0.382	0.5372714486638537	0.5624033502498842	0.8272	153	6456	618	0 1 1 0 0 1	3
2	0.5819004524886878	0.643	0.6109263657957246	0.5641646137117884	0.9063	0	6086	357	1 0 0 0 0 1	2
2	0.5819004524886878	0.643	0.6109263657957246	0.5641646137117884	0.9063	0	6086	357	1 1 0 0 0 1	3
4	0.71875	0.506	0.5938967136150235	0.5660985364992202	0.7881	0	6290	494	0 0 0 1 0 1	2
4	0.71875	0.506	0.5938967136150235	0.5660985364992202	0.7881	0	6290	494	0 1 0 1 0 1	3
5	0.7165021156558533	0.508	0.5944997074312464	0.5661913219681906	0.7424	0	6304	492	0 0 0 1 0 0	1
5	0.7165021156558533	0.508	0.5944997074312464	0.5661913219681906	0.7424	0	6304	492	0 1 0 1 0 0	2
6	0.5842391304347826	0.645	0.6131178707224334	0.5666020363849991	0.9099	154	6074	355	1 0 0 0 0 1	2
6	0.5842391304347826	0.645	0.6131178707224334	0.5666020363849991	0.9099	154	6074	355	1 1 0 0 0 1	3
7	0.6408839779005525	0.58	0.6089238845144357	0.5669836891563703	0.8982	0	6188	420	1 0 0 0 0 0	1
7	0.6408839779005525	0.58	0.6089238845144357	0.5669836891563703	0.8982	0	6188	420	1 1 0 0 0 0	2
5	0.64293659621802	0.578	0.6087414428646656	0.5670757730935031	0.8963	0	6194	422	1 0 0 0 0 0	1
5	0.64293659621802	0.578	0.6087414428646656	0.5670757730935031	0.8963	0	6194	422	1 1 0 0 0 0	2
9	0.7271407837445574	0.501	0.5932504440497336	0.5671718010325068	0.7396	0	6303	499	0 0 0 1 0 0	1
9	0.7271407837445574	0.501	0.5932504440497336	0.5671718010325068	0.7396	0	6303	499	0 1 0 1 0 0	2
3	0.7316715542521994	0.499	0.5933412604042807	0.5682243665454298	0.7389	0	6326	501	0 0 0 1 0 0	1
3	0.7316715542521994	0.499	0.5933412604042807	0.5682243665454298	0.7389	0	6326	501	0 1 0 1 0 0	2
3	0.9227053140096618	0.382	0.5403111739745403	0.5689576959053466	0.754	153	6463	618	0 0 1 0 0 0	1
3	0.9227053140096618	0.382	0.5403111739745403	0.5689576959053466	0.754	153	6463	618	0 1 1 0 0 0	2
9	0.6415300546448087	0.587	0.6130548302872062	0.5710913832906344	0.9047	0	6166	413	1 0 0 0 0 0	1
9	0.6415300546448087	0.587	0.6130548302872062	0.5710913832906344	0.9047	0	6166	413	1 1 0 0 0 0	2
7	0.7258522727272727	0.511	0.5997652582159625	0.5726328036059626	0.7993	0	6305	489	0 0 0 1 0 1	2
7	0.7258522727272727	0.511	0.5997652582159625	0.5726328036059626	0.7993	0	6305	489	0 1 0 1 0 1	3
1	0.9080459770114943	0.395	0.5505226480836236	0.5734059693320978	0.8307	160	6444	605	0 0 1 0 0 1	2
1	0.9080459770114943	0.395	0.5505226480836236	0.5734059693320978	0.8307	160	6444	605	0 1 1 0 0 1	3
5	0.5962962962962963	0.644	0.6192307692307694	0.5737511834988027	0.9091	0	6104	356	1 0 0 0 0 1	2
5	0.5962962962962963	0.644	0.6192307692307694	0.5737511834988027	0.9091	0	6104	356	1 1 0 0 0 1	3
4	0.7496206373292867	0.494	0.595539481615431	0.5737592723752377	0.73740000000000006	0	6321	506	0 0 0 1 0 0	1
4	0.7496206373292867	0.494	0.595539481615431	0.5737592723752377	0.73740000000000006	0	6321	506	0 1 0 1 0 0	2
4	0.8803418803418803	0.412	0.5613079019073569	0.57529717557055	0.8426	159	6435	588	0 0 1 0 0 1	2
4	0.8803418803418803	0.412	0.5613079019073569	0.57529717557055	0.8426	159	6435	588	0 1 1 0 0 1	3
1	0.6511111111111111	0.586	0.6168421052631579	0.5760321015838982	0.8992	0	6180	414	1 0 0 0 0 0	1
1	0.6511111111111111	0.586	0.6168421052631579	0.5760321015838982	0.8992	0	6180	414	1 1 0 0 0 0	2
2	0.6313603322949117	0.608	0.6194600101884871	0.5763824155819401	0.8992	0	6166	392	1 0 0 1 0 0	2
2	0.6313603322949117	0.608	0.6194600101884871	0.5763824155819401	0.8992	0	6166	392	1 1 0 1 0 0	3
9	0.5950639853747715	0.651	0.6217765042979942	0.5764422436010135	0.9108	0	6078	349	1 0 0 0 0 1	2
9	0.5950639853747715	0.651	0.6217765042979942	0.5764422436010135	0.9108	0	6078	349	1 1 0 0 0 1	3
8	0.7170068027210884	0.527	0.607492795389049	0.5777966346604667	0.8064	0	6298	473	0 0 0 1 0 1	2
8	0.7170068027210884	0.527	0.607492795389049	0.5777966346604667	0.8064	0	6298	473	0 1 0 1 0 1	3
1	0.9227166276346604	0.394	0.5522074281709881	0.5782206842489875	0.7508	160	6450	606	0 0 1 0 0 0	1
1	0.9227166276346604	0.394	0.5522074281709881	0.5782206842489875	0.7508	160	6450	606	0 1 1 0 0 0	2
4	0.6404255319148936	0.602	0.6206185567010309	0.5785165842625352	0.9028	0	6160	398	1 0 0 1 0 0	2
4	0.6404255319148936	0.602	0.6206185567010309	0.5785165842625352	0.9028	0	6160	398	1 1 0 1 0 0	3
7	0.5940325497287523	0.657	0.623931623931624	0.5788173290751542	0.9082	0	6093	343	1 0 0 0 0 1	2
7	0.5940325497287523	0.657	0.623931623931624	0.5788173290751542	0.9082	0	6093	343	1 1 0 0 0 1	3
7	0.75920245398773	0.495	0.5992736077481841	0.5789419400206396	0.7384	0	6339	505	0 0 0 1 0 0	1
7	0.75920245398773	0.495	0.5992736077481841	0.5789419400206396	0.7384	0	6339	505	0 1 0 1 0 0	2
4	0.5851528384279476	0.67	0.6247086247086248	0.5795985363573463	0.9107	171	6055	330	1 0 0 1 0 1	3
4	0.5851528384279476	0.67	0.6247086247086248	0.5795985363573463	0.9107	171	6055	330	1 1 0 1 0 1	4
8	0.6458557588805167	0.6	0.6220839813374804	0.5805793471519168	0.9001	0	6189	400	1 0 0 0 0 0	1
8	0.6458557588805167	0.6	0.6220839813374804	0.5805793471519168	0.9001	0	6189	400	1 1 0 0 0 0	2
9	0.9193548387096774	0.399	0.5564853556485355	0.5807438094309844	0.836	155	6445	601	0 0 1 0 0 1	2
9	0.9193548387096774	0.399	0.5564853556485355	0.5807438094309844	0.836	155	6445	601	0 1 1 0 0 1	3
4	0.8956521739130435	0.412	0.5643835616438356	0.5813508307101828	0.7633	159	6442	588	0 0 1 0 0 0	1
4	0.8956521739130435	0.412	0.5643835616438356	0.5813508307101828	0.7633	159	6442	588	0 1 1 0 0 0	2
1	0.6012891344383057	0.653	0.62607861936721	0.5813849393661642	0.9105	173	6089	347	1 0 0 0 0 1	2
1	0.6012891344383057	0.653	0.62607861936721	0.5813849393661642	0.9105	173	6089	347	1 1 0 0 0 1	3
9	0.748159057437408	0.508	0.6051220964860036	0.5817037145551884	0.9428	155	6309	492	0 0 1 0 1 1	3
9	0.748159057437408	0.508	0.6051220964860036	0.5817037145551884	0.9428	155	6309	492	0 1 1 0 1 1	4
9	0.9295774647887324	0.396	0.5553997194950911	0.5823259446789979	0.7463	155	6449	604	0 0 1 0 0 0	1
9	0.9295774647887324	0.396	0.5553997194950911	0.5823259446789979	0.7463	155	6449	604	0 1 1 0 0 0	2
3	0.6335721596724667	0.619	0.6262013151239252	0.5835424938875555	0.8985	0	6165	381	1 0 0 1 0 0	2
3	0.6335721596724667	0.619	0.6262013151239252	0.5835424938875555	0.8985	0	6165	381	1 1 0 1 0 0	3
8	0.7424460431654676	0.516	0.6088495575221239	0.5838529781490801	0.7476	0	6325	484	0 0 0 1 0 0	1
8	0.7424460431654676	0.516	0.6088495575221239	0.5838529781490801	0.7476	0	6325	484	0 1 0 1 0 0	2
3	0.5853448275862069	0.679	0.6287037037037037	0.5841751262064709	0.9093	0	6070	321	1 0 0 1 0 1	3
3	0.5853448275862069	0.679	0.6287037037037037	0.5841751262064709	0.9093	0	6070	321	1 1 0 1 0 1	4
2	0.5867697594501718	0.683	0.6312384473197783	0.5869652101206775	0.9117	0	6070	317	1 0 0 1 0 1	3
2	0.5867697594501718	0.683	0.6312384473197783	0.5869652101206775	0.9117	0	6070	317	1 1 0 1 0 1	4
2	0.9008620689655172	0.418	0.5710382513661202	0.5878198686568104	0.8396	143	6447	582	0 0 1 0 0 1	2
2	0.9008620689655172	0.418	0.5710382513661202	0.5878198686568104	0.8396	143	6447	582	0 1 1 0 0 1	3
6	0.7415254237288136	0.525	0.6147540983606559	0.588807221238644	0.8051	0	6311	475	0 0 0 1 0 1	2
6	0.7415254237288136	0.525	0.6147540983606559	0.588807221238644	0.8051	0	6311	475	0 1 0 1 0 1	3
6	0.6368260427263479	0.626	0.6313666162380233	0.5890226404954092	0.9042	0	6149	374	1 0 0 1 0 0	2
6	0.6368260427263479	0.626	0.6313666162380233	0.5890226404954092	0.9042	0	6149	374	1 1 0 1 0 0	3
1	0.7510853835021708	0.519	0.6138379657007688	0.5899179240345496	0.8011	0	6311	481	0 0 0 1 0 1	2
1	0.7510853835021708	0.519	0.6138379657007688	0.5899179240345496	0.8011	0	6311	481	0 1 0 1 0 1	3
9	0.7755417956656346	0.501	0.6087484811664642	0.5904198520879547	0.9232	155	6334	499	0 0 1 0 1 0	2
9	0.7755417956656346	0.501	0.6087484811664642	0.5904198520879547	0.9232	155	6334	499	0 1 1 0 1 0	3
6	0.7626865671641792	0.511	0.6119760479041916	0.5905417094205029	0.7463	0	6334	489	0 0 0 1 0 0	1
6	0.7626865671641792	0.511	0.6119760479041916	0.5905417094205029	0.7463	0	6334	489	0 1 0 1 0 0	2
3	0.7776049766718507	0.5	0.6086427267194157	0.5908136749179109	0.9438	153	6354	500	0 0 1 0 1 1	3
3	0.7776049766718507	0.5	0.6086427267194157	0.5908136749179109	0.9438	153	6354	500	0 1 1 0 1 1	4
9	0.6404494382022472	0.627	0.6336533602829711	0.5917172734423474	0.9098	0	6147	373	1 0 0 1 0 0	2
9	0.6404494382022472	0.627	0.6336533602829711	0.5917172734423474	0.9098	0	6147	373	1 1 0 1 0 0	3
7	0.6458982346832814	0.622	0.6337238920020377	0.5923028882857239	0.905	0	6177	378	1 0 0 1 0 0	2
7	0.6458982346832814	0.622	0.6337238920020377	0.5923028882857239	0.905	0	6177	378	1 1 0 1 0 0	3
2	0.9126637554585153	0.418	0.5733882030178327	0.5924612821333191	0.7561	143	6452	582	0 0 1 0 0 0	1
2	0.9126637554585153	0.418	0.5733882030178327	0.5924612821333191	0.7561	143	6452	582	0 1 1 0 0 0	2
8	0.9126637554585153	0.418	0.5733882030178327	0.5924864806058988	0.8458	150	6453	582	0 0 1 0 0 1	2
8	0.9126637554585153	0.418	0.5733882030178327	0.5924864806058988	0.8458	150	6453	582	0 1 1 0 0 1	3
1	0.753956834532374	0.524	0.6182890855457227	0.5943804128640883	0.9409	160	6314	476	0 0 1 0 1 1	3
1	0.753956834532374	0.524	0.6182890855457227	0.5943804128640883	0.9409	160	6314	476	0 1 1 0 1 1	4
5	0.6450617283950617	0.627	0.6359026369168357	0.5944642429817576	0.9033	0	6174	373	1 0 0 1 0 0	2
5	0.6450617283950617	0.627	0.6359026369168357	0.5944642429817576	0.9033	0	6174	373	1 1 0 1 0 0	3
9	0.5973913043478261	0.687	0.6390697674418605	0.5957710053934091	0.9159	0	6063	313	1 0 0 1 0 1	3
9	0.5973913043478261	0.687	0.6390697674418605	0.5957710053934091	0.9159	0	6063	313	1 1 0 1 0 1	4
3	0.8	0.492	0.6092879256965944	0.5960826195583432	0.9303	153	6373	508	0 0 1 0 1 0	2
3	0.8	0.492	0.6092879256965944	0.5960826195583432	0.9303	153	6373	508	0 1 1 0 1 0	3
6	0.5938303341902313	0.693	0.6395939086294417	0.5963892517368159	0.9176	154	6063	307	1 0 0 1 0 1	3
6	0.5938303341902313	0.693	0.6395939086294417	0.5963892517368159	0.9176	154	6063	307	1 1 0 1 0 1	4
8	0.6058981233243967	0.678	0.639924492685229	0.5967676409400389	0.9126	0	6107	322	1 0 0 0 0 1	2
8	0.6058981233243967	0.678	0.639924492685229	0.5967676409400389	0.9126	0	6107	322	1 1 0 0 0 1	3
5	0.6028243601059136	0.683	0.6404125644631975	0.5973042683898415	0.9142	0	6094	317	1 0 0 1 0 1	3
5	0.6028243601059136	0.683	0.6404125644631975	0.5973042683898415	0.9142	0	6094	317	1 1 0 1 0 1	4
2	0.7482517482517482	0.535	0.6239067055393587	0.5982122367903586	0.9435	143	6313	465	0 0 1 0 1 1	3
2	0.7482517482517482	0.535	0.6239067055393587	0.5982122367903586	0.9435	143	6313	465	0 1 1 0 1 1	4
8	0.6446700507614214	0.635	0.6397984886649875	0.5984426514539819	0.9073	0	6171	365	1 0 0 1 0 0	2
8	0.6446700507614214	0.635	0.6397984886649875	0.5984426514539819	0.9073	0	6171	365	1 1 0 1 0 0	3
8	0.9308035714285714	0.417	0.5759668508287292	0.59879807511102	0.7618	150	6461	583	0 0 1 0 0 0	1
8	0.9308035714285714	0.417	0.5759668508287292	0.59879807511102	0.7618	150	6461	583	0 1 1 0 0 0	2
1	0.7822085889570553	0.51	0.6174334140435837	0.599276421040517	0.7468	0	6340	490	0 0 0 1 0 0	1
1	0.7822085889570553	0.51	0.6174334140435837	0.599276421040517	0.7468	0	6340	490	0 1 0 1 0 0	2
1	0.7692307692307693	0.52	0.6205250596658711	0.5993344197509165	0.924	160	6328	480	0 0 1 0 1 0	2
1	0.7692307692307693	0.52	0.6205250596658711	0.5993344197509165	0.924	160	6328	480	0 1 1 0 1 0	3
10	0.910828025477707	0.429	0.5832766825288919	0.5998922362836301	0.852	152	6450	571	0 0 1 0 0 1	2
10	0.910828025477707	0.429	0.5832766825288919	0.5998922362836301	0.852	152	6450	571	0 1 1 0 0 1	3
6	0.9923664122137404	0.39	0.5599425699928212	0.6007570385848295	0.8266	0	6466	610	0 0 1 0 0 1	2
6	0.9923664122137404	0.39	0.5599425699928212	0.6007570385848295	0.8266	0	6466	610	0 1 1 0 0 1	3
7	0.601040763226366	0.693	0.6437529029261495	0.6010967105301486	0.9141	0	6087	307	1 0 0 1 0 1	3
7	0.601040763226366	0.693	0.6437529029261495	0.6010967105301486	0.9141	0	6087	307	1 1 0 1 0 1	4
6	0.9948979591836735	0.39	0.560344827586207	0.601669359804345	0.7302	0	6467	610	0 0 1 0 0 0	1
6	0.9948979591836735	0.39	0.560344827586207	0.601669359804345	0.7302	0	6467	610	0 1 1 0 0 0	2
1	0.6572622779519331	0.629	0.6428206438426162	0.6026389632266437	0.9089	0	6170	371	1 0 0 1 0 0	2
1	0.6572622779519331	0.629	0.6428206438426162	0.6026389632266437	0.9089	0	6170	371	1 1 0 1 0 0	3
2	0.7674418604651163	0.528	0.6255924170616114	0.6033717554167128	0.9233	143	6332	472	0 0 1 0 1 0	2
2	0.7674418604651163	0.528	0.6255924170616114	0.6033717554167128	0.9233	143	6332	472	0 1 1 0 1 0	3
5	0.9206008583690987	0.429	0.5852660300136425	0.603766515003755	0.8499	152	6458	571	0 0 1 0 0 1	2
5	0.9206008583690987	0.429	0.5852660300136425	0.603766515003755	0.8499	152	6458	571	0 1 1 0 0 1	3
1	0.6088105726872247	0.691	0.6473067915690867	0.6050792811709829	0.9191	173	6082	309	1 0 0 1 0 1	3
1	0.6088105726872247	0.691	0.6473067915690867	0.6050792811709829	0.9191	173	6082	309	1 1 0 1 0 1	4
10	0.9245689655172413	0.429	0.5860655737704917	0.6053249448785546	0.7745	152	6456	571	0 0 1 0 0 0	1
10	0.9245689655172413	0.429	0.5860655737704917	0.6053249448785546	0.7745	152	6456	571	0 1 1 0 0 0	2
5	0.9323144104803494	0.427	0.5857338820301783	0.6068808008498453	0.7714	152	6463	573	0 0 1 0 0 0	1
5	0.9323144104803494	0.427	0.5857338820301783	0.6068808008498453	0.7714	152	6463	573	0 1 1 0 0 0	2
7	0.9182389937106918	0.438	0.5930941096817874	0.6094448677963594	0.8485	160	6444	562	0 0 1 0 0 1	2
7	0.9182389937106918	0.438	0.5930941096817874	0.6094448677963594	0.8485	160	6444	562	0 1 1 0 0 1	3
4	0.7761627906976745	0.534	0.6327014218009479	0.6113315803068999	0.9501	159	6338	466	0 0 1 0 1 1	3
4	0.7761627906976745	0.534	0.6327014218009479	0.6113315803068999	0.9501	159	6338	466	0 1 1 0 1 1	4
7	0.9313304721030042	0.434	0.592087312414734	0.6116925282494238	0.7713	160	6450	566	0 0 1 0 0 0	1
7	0.9313304721030042	0.434	0.592087312414734	0.6116925282494238	0.7713	160	6450	566	0 1 1 0 0 0	2
8	0.6070205479452054	0.709	0.6540590405904059	0.6128228374637522	0.9181	0	6091	291	1 0 0 1 0 1	3
8	0.6070205479452054	0.709	0.6540590405904059	0.6128228374637522	0.9181	0	6091	291	1 1 0 1 0 1	4
6	0.9434782608695652	0.434	0.5945205479452055	0.6164280175018152	0.9492	0	6443	566	0 0 1 0 1 1	3
6	0.9434782608695652	0.434	0.5945205479452055	0.6164280175018152	0.9492	0	6443	566	0 1 1 0 1 1	4
4	0.7996987951807228	0.531	0.6382211538461537	0.6207657987183274	0.9379	159	6357	469	0 0 1 0 1 0	2
4	0.7996987951807228	0.531	0.6382211538461537	0.6207657987183274	0.9379	159	6357	469	0 1 1 0 1 0	3
3	0.8918406072106262	0.47	0.6155861165684348	0.6215520324643362	0.9162	153	6440	530	0 0 1 1 0 1	3
3	0.8918406072106262	0.47	0.6155861165684348	0.6215520324643362	0.9162	153	6440	530	0 1 1 1 0 1	4
6	0.9859154929577465	0.42	0.5890603085553997	0.6220432197156416	0.9555	0	6463	580	1 0 1 0 0 0	2
6	0.9859154929577465	0.42	0.5890603085553997	0.6220432197156416	0.9555	0	6463	580	1 1 1 0 0 0	3
7	0.7692307692307693	0.56	0.6481481481481483	0.6237608972512286	0.9452	160	6316	440	0 0 1 0 1 1	3
7	0.7692307692307693	0.56	0.6481481481481483	0.6237608972512286	0.9452	160	6316	440	0 1 1 0 1 1	4
10	0.7743732590529248	0.556	0.6472642607683354	0.6238992271379779	0.9469	152	6332	444	0 0 1 0 1 1	3
10	0.7743732590529248	0.556	0.6472642607683354	0.6238992271379779	0.9469	152	6332	444	0 1 1 0 1 1	4
3	0.8851851851851852	0.478	0.6207792207792208	0.624303715149813	0.9412	153	6434	522	1 0 1 0 0 0	2
3	0.8851851851851852	0.478	0.6207792207792208	0.624303715149813	0.9412	153	6434	522	1 1 1 0 0 0	3
6	0.9929577464788732	0.423	0.5932678821879382	0.6270102480987144	0.9144	0	6466	577	0 0 1 1 0 1	3
6	0.9929577464788732	0.423	0.5932678821879382	0.6270102480987144	0.9144	0	6466	577	0 1 1 1 0 1	4
6	0.9952830188679245	0.422	0.5926966292134831	0.6271046369908317	0.895	0	6467	578	0 0 1 1 0 0	2
6	0.9952830188679245	0.422	0.5926966292134831	0.6271046369908317	0.895	0	6467	578	0 1 1 1 0 0	3
3	0.905587668593449	0.47	0.618828176431863	0.6273003884285974	0.8981	153	6447	530	0 0 1 1 0 0	2
3	0.905587668593449	0.47	0.618828176431863	0.6273003884285974	0.8981	153	6447	530	0 1 1 1 0 0	3
3	0.752258064516129	0.583	0.6569014084507041	0.6288612218990589	0.9472	153	6332	417	1 0 1 0 0 1	3
3	0.752258064516129	0.583	0.6569014084507041	0.6288612218990589	0.9472	153	6332	417	1 1 1 0 0 1	4
10	0.7965116279069767	0.548	0.6492890995260663	0.6298306924177872	0.9306	152	6352	452	0 0 1 0 1 0	2
10	0.7965116279069767	0.548	0.6492890995260663	0.6298306924177872	0.9306	152	6352	452	0 1 1 0 1 0	3
6	0.9862700228832952	0.431	0.5998608211551844	0.6306538768029507	0.9411	0	6463	569	0 0 1 0 1 0	2
6	0.9862700228832952	0.431	0.5998608211551844	0.6306538768029507	0.9411	0	6463	569	0 1 1 0 1 0	3
10	0.9080459770114943	0.474	0.6228646517739816	0.631118280658722	0.8883	152	6445	526	0 0 1 1 0 1	3
10	0.9080459770114943	0.474	0.6228646517739816	0.631118280658722	0.8883	152	6445	526	0 1 1 1 0 1	4
9	0.898876404494382	0.48	0.6258148631029986	0.6314520780518238	0.9191	155	6426	520	0 0 1 1 0 1	3
9	0.898876404494382	0.48	0.6258148631029986	0.6314520780518238	0.9191	155	6426	520	0 1 1 1 0 1	4
7	0.7936962750716332	0.554	0.6525323910482922	0.632166536205222	0.9294	160	6338	446	0 0 1 0 1 0	2
7	0.7936962750716332	0.554	0.6525323910482922	0.632166536205222	0.9294	160	6338	446	0 1 1 0 1 0	3
9	0.8862815884476535	0.491	0.631917631917632	0.6336760179845184	0.947	155	6416	509	1 0 1 0 0 0	2
9	0.8862815884476535	0.491	0.631917631917632	0.6336760179845184	0.947	155	6416	509	1 1 1 0 0 0	3
4	0.8662092624356775	0.505	0.6380290587492103	0.6344086496078214	0.9447	159	6412	495	1 0 1 0 0 0	2
4	0.8662092624356775	0.505	0.6380290587492103	0.6344086496078214	0.9447	159	6412	495	1 1 1 0 0 0	3
1	0.9026217228464419	0.482	0.6284224250325945	0.6344523540902703	0.9239	160	6432	518	0 0 1 1 0 1	3
1	0.9026217228464419	0.482	0.6284224250325945	0.6344523540902703	0.9239	160	6432	518	0 1 1 1 0 1	4
9	0.9089184060721063	0.479	0.6273739358218731	0.6349792576526373	0.8941	155	6431	521	0 0 1 1 0 0	2
9	0.9089184060721063	0.479	0.6273739358218731	0.6349792576526373	0.8941	155	6431	521	0 1 1 1 0 0	3
10	0.920388349514563	0.474	0.6257425742574257	0.6362487231872097	0.8381	152	6451	526	0 0 1 1 0 0	2
10	0.920388349514563	0.474	0.6257425742574257	0.6362487231872097	0.8381	152	6451	526	0 1 1 1 0 0	3
2	0.8827708703374778	0.497	0.635956493921945	0.6362488127538682	0.9467	143	6426	503	1 0 1 0 0 0	2
2	0.8827708703374778	0.497	0.635956493921945	0.6362488127538682	0.9467	143	6426	503	1 1 1 0 0 0	3
8	0.8093841642228738	0.552	0.6563614744351962	0.6385245128568762	0.9537	150	6365	448	0 0 1 0 1 1	3
8	0.8093841642228738	0.552	0.6563614744351962	0.6385245128568762	0.9537	150	6365	448	0 1 1 0 1 1	4
1	0.9144486692015209	0.481	0.6304062909567496	0.6387241051100685	0.9019	160	6438	519	0 0 1 1 0 0	2
1	0.9144486692015209	0.481	0.6304062909567496	0.6387241051100685	0.9019	160	6438	519	0 1 1 1 0 0	3
4	0.8797909407665505	0.505	0.6416772554002541	0.640388724577344	0.9229	159	6422	495	0 0 1 1 0 1	3
4	0.8797909407665505	0.505	0.6416772554002541	0.640388724577344	0.9229	159	6422	495	0 1 1 1 0 1	4
1	0.8894830659536542	0.499	0.6393337604099936	0.6405493046717027	0.9425	160	6421	501	1 0 1 0 0 0	2
1	0.8894830659536542	0.499	0.6393337604099936	0.6405493046717027	0.9425	160	6421	501	1 1 1 0 0 0	3
5	0.8071942446043165	0.561	0.6619469026548672	0.6430479734729306	0.9491	152	6361	439	0 0 1 0 1 1	3
5	0.8071942446043165	0.561	0.6619469026548672	0.6430479734729306	0.9491	152	6361	439	0 1 1 0 1 1	4
8	0.8272727272727273	0.546	0.6578313253012048	0.643276805755236	0.9403	150	6379	454	0 0 1 0 1 0	2
8	0.8272727272727273	0.546	0.6578313253012048	0.643276805755236	0.9403	150	6379	454	0 1 1 0 1 0	3
2	0.8948306595365418	0.502	0.6431774503523382	0.6448807121559974	0.9179	143	6434	498	0 0 1 1 0 1	3
2	0.8948306595365418	0.502	0.6431774503523382	0.6448807121559974	0.9179	143	6434	498	0 1 1 1 0 1	4
4	0.8920353982300885	0.504	0.6440894568690096	0.6450536497546961	0.9043	159	6429	496	0 0 1 1 0 0	2
4	0.8920353982300885	0.504	0.6440894568690096	0.6450536497546961	0.9043	159	6429	496	0 1 1 1 0 0	3
2	0.9043321299638989	0.501	0.6447876447876448	0.6482930790222465	0.8929	143	6439	499	0 0 1 1 0 0	2
2	0.9043321299638989	0.501	0.6447876447876448	0.6482930790222465	0.8929	143	6439	499	0 1 1 1 0 0	3
5	0.8208516886930984	0.559	0.6650803093396788	0.648390320245178	0.9324	152	6372	441	0 0 1 0 1 0	2
5	0.8208516886930984	0.559	0.6650803093396788	0.648390320245178	0.9324	152	6372	441	0 1 1 0 1 0	3
4	0.7552019583843329	0.617	0.6791414419372592	0.6501199140844679	0.9507	158	6318	383	1 0 1 0 0 1	3
4	0.7552019583843329	0.617	0.6791414419372592	0.6501199140844679	0.9507	158	6318	383	1 1 1 0 0 1	4
9	0.7670025188916877	0.609	0.6789297658862877	0.6516393453863714	0.9549	155	6321	391	1 0 1 0 0 1	3
9	0.7670025188916877	0.609	0.6789297658862877	0.6516393453863714	0.9549	155	6321	391	1 1 1 0 0 1	4
1	0.7719745222929937	0.606	0.6789915966386554	0.6524939512319649	0.9501	159	6332	394	1 0 1 0 0 1	3
1	0.7719745222929937	0.606	0.6789915966386554	0.6524939512319649	0.9501	159	6332	394	1 1 1 0 0 1	4
2	0.7766367137355584	0.605	0.6801573917931422	0.6542735433159717	0.9549	143	6347	395	1 0 1 0 0 1	3
2	0.7766367137355584	0.605	0.6801573917931422	0.6542735433159717	0.9549	143	6347	395	1 1 1 0 0 1	4
6	0.8647342995169082	0.537	0.662553979025293	0.6548255508557738	0.9576	0	6387	463	1 0 1 0 0 1	3
6	0.8647342995169082	0.537	0.662553979025293	0.6548255508557738	0.9576	0	6387	463	1 1 1 0 0 1	4
8	0.8853288364249579	0.525	0.6591337099811676	0.656238146847624	0.9503	150	6424	475	1 0 1 0 0 0	2
8	0.8853288364249579	0.525	0.6591337099811676	0.656238146847624	0.9503	150	6424	475	1 1 1 0 0 0	3
8	0.9095744680851063	0.513	0.6560102301790282	0.6587899335999715	0.9289	150	6442	487	0 0 1 1 0 1	3
8	0.9095744680851063	0.513	0.6560102301790282	0.6587899335999715	0.9289	150	6442	487	0 1 1 1 0 1	4
5	0.9121265377855887	0.519	0.661567877629063	0.6639825585053946	0.9297	152	6445	481	0 0 1 1 0 1	3
5	0.9121265377855887	0.519	0.661567877629063	0.6639825585053946	0.9297	152	6445	481	0 1 1 1 0 1	4
8	0.924187725631769	0.512	0.6589446589446589	0.6643987412249461	0.9055	150	6450	488	0 0 1 1 0 0	2
8	0.924187725631769	0.512	0.6589446589446589	0.6643987412249461	0.9055	150	6450	488	0 1 1 1 0 0	3
7	0.9108391608391608	0.521	0.6628498727735369	0.6647749809133708	0.925	160	6432	479	0 0 1 1 0 1	3
7	0.9108391608391608	0.521	0.6628498727735369	0.6647749809133708	0.925	160	6432	479	0 1 1 1 0 1	4
10	0.8901830282861897	0.535	0.6683322923173017	0.6650421117334181	0.9461	152	6426	465	1 0 1 0 0 0	2
10	0.8901830282861897	0.535	0.6683322923173017	0.6650421117334181	0.9461	152	6426	465	1 1 1 0 0 0	3
7	0.9215686274509803	0.517	0.6623959000640615	0.6667003357432768	0.9026	160	6438	483	0 0 1 1 0 0	2
7	0.9215686274509803	0.517	0.6623959000640615	0.6667003357432768	0.9026	160	6438	483	0 1 1 1 0 0	3
5	0.9217081850533808	0.518	0.6632522407170295	0.667450233534122	0.9085	152	6450	482	0 0 1 1 0 0	2
5	0.9217081850533808	0.518	0.6632522407170295	0.667450233534122	0.9085	152	6450	482	0 1 1 1 0 0	3
7	0.7829360100376411	0.624	0.6944908180300501	0.6686913914642503	0.9539	160	6338	376	1 0 1 0 0 1	3
7	0.7829360100376411	0.624	0.6944908180300501	0.6686913914642503	0.9539	160	6338	376	1 1 1 0 0 1	4
10	0.7780517879161529	0.631	0.6968525676421866	0.6702187835554989	0.9546	152	6342	369	1 0 1 0 0 1	3
10	0.7780517879161529	0.631	0.6968525676421866	0.6702187835554989	0.9546	152	6342	369	1 1 1 0 0 1	4
7	0.9037162162162162	0.535	0.672110552763819	0.6710690121382566	0.9461	160	6425	465	1 0 1 0 0 0	2
7	0.9037162162162162	0.535	0.672110552763819	0.6710690121382566	0.9461	160	6425	465	1 1 1 0 0 0	3
8	0.7830423940149626	0.628	0.6970033296337402	0.6710875845957495	0.9586	150	6346	372	1 0 1 0 0 1	3
8	0.7830423940149626	0.628	0.6970033296337402	0.6710875845957495	0.9586	150	6346	372	1 1 1 0 0 1	4
5	0.9023569023569024	0.536	0.6725219573400252	0.6711390017256211	0.9482	152	6436	464	1 0 1 0 0 0	2
5	0.9023569023569024	0.536	0.6725219573400252	0.6711390017256211	0.9482	152	6436	464	1 1 1 0 0 0	3
10	0.7389428263214671	0.685	0.7109496626881163	0.6794677259831419	0.9536	152	6265	315	0 0 1 1 1 1	4
10	0.7389428263214671	0.685	0.7109496626881163	0.6794677259831419	0.9536	152	6265	315	0 1 1 1 1 1	5
10	0.7544642857142857	0.676	0.7130801687763714	0.6831202014416533	0.9442	152	6285	324	0 0 1 1 1 0	3
10	0.7544642857142857	0.676	0.7130801687763714	0.6831202014416533	0.9442	152	6285	324	0 1 1 1 1 0	4
5	0.791921664626683	0.647	0.7121629058888277	0.6867724405608259	0.9557	152	6350	353	1 0 1 0 0 1	3
5	0.791921664626683	0.647	0.7121629058888277	0.6867724405608259	0.9557	152	6350	353	1 1 1 0 0 1	4
10	0.7481789802289281	0.719	0.7332993370729218	0.7032520895211885	0.96	152	6291	281	1 0 1 1 0 1	4
10	0.7481789802289281	0.719	0.7332993370729218	0.7032520895211885	0.96	152	6291	281	1 1 1 1 0 1	5
10	0.6082611592271818	0.913	0.730107956817273	0.7105327656048243	0.9684	122	6017	87	1 0 1 0 1 1	4
10	0.6082611592271818	0.913	0.730107956817273	0.7105327656048243	0.9684	122	6017	87	1 1 1 0 1 1	5
3	0.7084468664850136	0.78	0.7425035697287007	0.712126244957232	0.961	153	6223	220	1 0 1 1 0 1	4
3	0.7084468664850136	0.78	0.7425035697287007	0.712126244957232	0.961	153	6223	220	1 1 1 1 0 1	5
10	0.8236024844720496	0.663	0.7346260387811635	0.7126058375926846	0.955	152	6363	337	1 0 1 1 0 0	3
10	0.8236024844720496	0.663	0.7346260387811635	0.7126058375926846	0.955	152	6363	337	1 1 1 1 0 0	4
10	0.6082064857710126	0.919	0.7319792911190761	0.7132572777260138	0.968	122	6014	81	1 0 1 1 1 1	5
10	0.6082064857710126	0.919	0.7319792911190761	0.7132572777260138	0.968	122	6014	81	1 1 1 1 1 1	6
4	0.6271899088997898	0.895	0.7375360527400083	0.7155488582534758	0.9675	139	6040	105	1 0 1 0 1 1	4
4	0.6271899088997898	0.895	0.7375360527400083	0.7155488582534758	0.9675	139	6040	105	1 1 1 0 1 1	5
9	0.6239669421487604	0.906	0.7389885807504079	0.718412461491769	0.9681	126	6034	94	1 0 1 0 1 1	4
9	0.6239669421487604	0.906	0.7389885807504079	0.718412461491769	0.9681	126	6034	94	1 1 1 0 1 1	5
1	0.6283924843423799	0.903	0.7410750923266312	0.720148454914927	0.967	136	6042	97	1 0 1 0 1 1	4
1	0.6283924843423799	0.903	0.7410750923266312	0.720148454914927	0.967	136	6042	97	1 1 1 0 1 1	5
7	0.6275051831375259	0.908	0.7421332243563546	0.7218563611395871	0.9669	141	6037	92	1 0 1 0 1 1	4
7	0.6275051831375259	0.908	0.7421332243563546	0.7218563611395871	0.9669	141	6037	92	1 1 1 0 1 1	5
4	0.6265474552957359	0.911	0.7424612876935616	0.7225899002398634	0.9687	139	6033	89	1 0 1 1 1 1	5
4	0.6265474552957359	0.911	0.7424612876935616	0.7225899002398634	0.9687	139	6033	89	1 1 1 1 1 1	6
6	0.6782538399353274	0.839	0.7501117568171659	0.7228389214822957	0.9656	153	6106	161	1 0 1 0 1 1	4
6	0.6782538399353274	0.839	0.7501117568171659	0.7228389214822957	0.9656	153	6106	161	1 1 1 0 1 1	5
3	0.6366217175301633	0.897	0.7447073474470736	0.7230734298861019	0.9652	133	6081	103	1 0 1 0 1 1	4
3	0.6366217175301633	0.897	0.7447073474470736	0.7230734298861019	0.9652	133	6081	103	1 1 1 0 1 1	5
2	0.6200403496973773	0.922	0.7414555689585847	0.7230764674401693	0.969	123	6030	78	1 0 1 0 1 1	4
2	0.6200403496973773	0.922	0.7414555689585847	0.7230764674401693	0.969	123	6030	78	1 1 1 0 1 1	5
9	0.6210384356035064	0.921	0.74184454289166335	0.7233258093859283	0.9687	126	6023	79	1 0 1 1 1 1	5
9	0.6210384356035064	0.921	0.74184454289166335	0.7233258093859283	0.9687	126	6023	79	1 1 1 1 1 1	6
9	0.7082601054481547	0.806	0.753975678203929	0.7252899973810885	0.9599	155	6170	194	0 0 1 1 1 1	4
9	0.7082601054481547	0.806	0.753975678203929	0.7252899973810885	0.9599	155	6170	194	0 1 1 1 1 1	5
2	0.7046046915725456	0.811	0.7540678754067875	0.7255614667078664	0.9596	143	6186	189	0 0 1 1 1 1	4
2	0.7046046915725456	0.811	0.7540678754067875	0.7255614667078664	0.9596	143	6186	189	0 1 1 1 1 1	5
2	0.7142857142857143	0.8	0.7547169811320756	0.7259320706259644	0.955	143	6205	200	0 0 1 1 1 0	3
2	0.7142857142857143	0.8	0.7547169811320756	0.7259320706259644	0.955	143	6205	200	0 1 1 1 1 0	4
9	0.7211625794732062	0.794	0.7558305568776774	0.727049115986303	0.9561	155	6194	206	0 0 1 1 1 0	3
9	0.7211625794732062	0.794	0.7558305568776774	0.727049115986303	0.9561	155	6194	206	0 1 1 1 1 0	4
2	0.6189529489728297	0.934	0.7445197289756876	0.727855832486372	0.9685	123	6022	66	1 0 1 1 1 1	5
2	0.6189529489728297	0.934	0.7445197289756876	0.727855832486372	0.9685	123	6022	66	1 1 1 1 1 1	6
3	0.727188940092166	0.789	0.7568345323741008	0.7281615737122822	0.9612	153	6223	211	0 0 1 1 1 1	4
3	0.727188940092166	0.789	0.7568345323741008	0.7281615737122822	0.9612	153	6223	211	0 1 1 1 1 1	5
5	0.6429080541696365	0.902	0.750728256346234	0.7297519916230211	0.9692	135	6088	98	1 0 1 0 1 1	4
5	0.6429080541696365	0.902	0.750728256346234	0.7297519916230211	0.9692	135	6088	98	1 1 1 0 1 1	5
7	0.628144119646499	0.924	0.7478753541076486	0.7297771147210453	0.9676	141	6033	76	1 0 1 1 1 1	5
7	0.628144119646499	0.924	0.7478753541076486	0.7297771147210453	0.9676	141	6033	76	1 1 1 1 1 1	6
3	0.6316151202749141	0.919	0.7486761710794297	0.729920974343325	0.9668	133	6065	81	1 0 1 1 1 1	5
3	0.6316151202749141	0.919	0.7486761710794297	0.729920974343325	0.9668	133	6065	81	1 1 1 1 1 1	6
3	0.7386363636363636	0.78	0.7587548638132297	0.7303178701522929	0.9597	153	6242	220	0 0 1 1 1 0	3
3	0.7386363636363636	0.78	0.7587548638132297	0.7303178701522929	0.9597	153	6242	220	0 1 1 1 1 0	4
4	0.7140335392762577	0.809	0.7585560243788092	0.7304174796343117	0.9639	158	6203	191	1 0 1 1 0 1	4
4	0.7140335392762577	0.809	0.7585560243788092	0.7304174796343117	0.9639	158	6203	191	1 1 1 1 0 1	5
10	0.6422995031937544	0.905	0.751349107513491	0.7307441811577623	0.9688	122	6075	95	1 0 1 0 1 0	3
10	0.6422995031937544	0.905	0.751349107513491	0.7307441811577623	0.9688	122	6075	95	1 1 1 0 1 0	4
1	0.6306122448979592	0.927	0.7506072874493928	0.7329295368544356	0.97	136	6036	73	1 0 1 1 1 1	5
1	0.6306122448979592	0.927	0.7506072874493928	0.7329295368544356	0.97	136	6036	73	1 1 1 1 1 1	6
9	0.7184724689165186	0.809	0.7610536218250236	0.7331288293631015	0.9674	155	6205	191	1 0 1 1 0 1	4
9	0.7184724689165186	0.809	0.7610536218250236	0.7331288293631015	0.9674	155	6205	191	1 1 1 1 0 1	5
10	0.6420534458509142	0.913	0.7539223781998348	0.7343528995050154	0.9684	122	6071	87	1 0 1 1 1 0	4
10	0.6420534458509142	0.913	0.7539223781998348	0.7343528995050154	0.9684	122	6071	87	1 1 1 1 1 0	5
2	0.723613595706619	0.809	0.7639282341831917	0.7362811081942912	0.9665	143	6240	191	1 0 1 1 0 1	4
2	0.723613595706619	0.809	0.7639282341831917	0.7362811081942912	0.9665	143	6240	191	1 1 1 1 0 1	5
6	0.7758264462809917	0.751	0.7632113821138211	0.7363506727509348	0.9628	0	6273	249	1 0 1 1 0 1	4
6	0.7758264462809917	0.751	0.7632113821138211	0.7363506727509348	0.9628	0	6273	249	1 1 1 1 0 1	5
1	0.6585903083700441	0.897	0.7595258255715495	0.7380935521364843	0.9676	137	6085	103	1 0 1 0 1 0	3
1	0.6585903083700441	0.897	0.7595258255715495	0.7380935521364843	0.9676	137	6085	103	1 1 1 0 1 0	4
9	0.6564774381368268	0.902	0.759898904802022	0.7390185820185587	0.9686	126	6083	98	1 0 1 0 1 0	3
9	0.6564774381368268	0.902	0.759898904802022	0.7390185820185587	0.9686	126	6083	98	1 1 1 0 1 0	4
6	0.6791277258566978	0.872	0.7635726795096323	0.7396408454279155	0.9659	153	6097	128	1 0 1 1 1 1	5
6	0.6791277258566978	0.872	0.7635726795096323	0.7396408454279155	0.9659	153	6097	128	1 1 1 1 1 1	6
5	0.7176368375325803	0.826	0.7680148768014875	0.7413328798296728	0.9681	152	6217	174	1 0 1 1 0 1	4
5	0.7176368375325803	0.826	0.7680148768014875	0.7413328798296728	0.9681	152	6217	174	1 1 1 1 0 1	5
5	0.6433032616238723	0.927	0.7595247849242114	0.7418255352654842	0.9691	135	6079	73	1 0 1 1 1 1	5
5	0.6433032616238723	0.927	0.7595247849242114	0.7418255352654842	0.9691	135	6079	73	1 1 1 1 1 1	6
4	0.668918918918919	0.891	0.7641509433962266	0.7421569979457522	0.9694	140	6104	109	1 0 1 0 1 0	3
4	0.668918918918919	0.891	0.7641509433962266	0.7421569979457522	0.9694	140	6104	109	1 1 1 0 1 0	4
3	0.6699248120300751	0.891	0.7648068669527898	0.7428581790158146	0.9669	133	6128	109	1 0 1 0 1 0	3
3	0.6699248120300751	0.891	0.7648068669527898	0.7428581790158146	0.9669	133	6128	109	1 1 1 0 1 0	4
7	0.6634756995581738	0.901	0.7642069550466496	0.74330875109997	0.9674	141	6093	99	1 0 1 0 1 0	3
7	0.6634756995581738	0.901	0.7642069550466496	0.74330875109997	0.9674	141	6093	99	1 1 1 0 1 0	4
9	0.652452025586354	0.918	0.7627752388865808	0.7438819251391083	0.9692	126	6071	82	1 0 1 1 1 0	4
9	0.652452025586354	0.918	0.7627752388865808	0.7438819251391083	0.9692	126	6071	82	1 1 1 1 1 0	5
7	0.7282415630550622	0.82	0.7714016933207902	0.7448021780833537	0.9611	160	6201	180	0 0 1 1 1 1	4
7	0.7282415630550622	0.82	0.7714016933207902	0.7448021780833537	0.9611	160	6201	180	0 1 1 1 1 1	5
2	0.6538461538461539	0.918	0.7637271214642263	0.7448375274064238	0.9693	123	6085	82	1 0 1 0 1 0	3
2	0.6538461538461539	0.918	0.7637271214642263	0.7448375274064238	0.9693	123	6085	82	1 1 1 0 1 0	4
7	0.7408088235294118	0.806	0.7720306513409964	0.7451989890075955	0.9582	160	6223	194	0 0 1 1 1 0	3
7	0.7408088235294118	0.806	0.7720306513409964	0.7451989890075955	0.9582	160	6223	194	0 1 1 1 1 0	4
8	0.6500351370344343	0.925	0.7635163021048288	0.7455578310101125	0.9729	130	6098	75	1 0 1 0 1 1	4
8	0.6500351370344343	0.925	0.7635163021048288	0.7455578310101125	0.9729	130	6098	75	1 1 1 0 1 1	5
4	0.7327354260089686	0.817	0.7725768321513001	0.7460102972028009	0.9641	159	6208	183	0 0 1 1 1 1	4
4	0.7327354260089686	0.817	0.7725768321513001	0.7460102972028009	0.9641	159	6208	183	0 1 1 1 1 1	5
5	0.7262323943661971	0.825	0.7724719101123595	0.7461402820677824	0.9638	152	6209	175	0 0 1 1 1 1	4
5	0.7262323943661971	0.825	0.7724719101123595	0.7461402820677824	0.9638	152	6209	175	0 1 1 1 1 1	5
1	0.7381818181818182	0.812	0.7733333333333333	0.7467412868385996	0.9673	159	6237	188	1 0 1 1 0 1	4
1	0.7381818181818182	0.812	0.7733333333333333	0.7467412868385996	0.9673	159	6237	188	1 1 1 1 0 1	5
5	0.7327971403038427	0.82	0.773949976403964	0.7475993814217637	0.9614	152	6220	180	0 0 1 1 1 0	3
5	0.7327971403038427	0.82	0.773949976403964	0.7475993814217637	0.9614	152	6220	180	0 1 1 1 1 0	4
4	0.744700460829493	0.808	0.7750599520383693	0.7485892222785528	0.9628	159	6227	192	0 0 1 1 1 0	3
4	0.744700460829493	0.808	0.7750599520383693	0.7485892222785528	0.9628	159	6227	192	0 1 1 1 1 0	4
3	0.6630355846042121	0.913	0.7681952040387042	0.7487933342015005	0.9679	133	6111	87	1 0 1 1 1 0	4
3	0.6630355846042121	0.913	0.7681952040387042	0.7487933342015005	0.9679	133	6111	87	1 1 1 1 1 0	5
7	0.736936936936937	0.818	0.7753554502369667	0.7490853643891001	0.9661	160	6237	182	1 0 1 1 0 1	4
7	0.736936936936937	0.818	0.7753554502369667	0.7490853643891001	0.9661	160	6237	182	1 1 1 1 0 1	5
6	0.721551724137931	0.837	0.7749999999999999	0.7493212042800407	0.9663	153	6180	163	1 0 1 0 1 0	3
6	0.721551724137931	0.837	0.7749999999999999	0.7493212042800407	0.9663	153	6180	163	1 1 1 0 1 0	4
4	0.6674008810572687	0.909	0.7696867061812024	0.7498085117943182	0.9701	140	6096	91	1 0 1 1 1 0	4
4	0.6674008810572687	0.909	0.7696867061812024	0.7498085117943182	0.9701	140	6096	91	1 1 1 1 1 0	5
8	0.6466942148760331	0.939	0.7659053833605219	0.7498357634966976	0.9728	130	6084	61	1 0 1 1 1 1	5
8	0.6466942148760331	0.939	0.7659053833605219	0.7498357634966976	0.9728	130	6084	61	1 1 1 1 1 1	6
5	0.6775170325510976	0.895	0.7712193020249892	0.7498383986286158	0.9701	135	6139	105	1 0 1 0 1 0	3
5	0.6775170325510976	0.895	0.7712193020249892	0.7498383986286158	0.9701	135	6139	105	1 1 1 0 1 0	4
8	0.7297535211267606	0.829	0.7762172284644194	0.7503613693442284	0.9705	150	6238	171	1 0 1 1 0 1	4
8	0.7297535211267606	0.829	0.7762172284644194	0.7503613693442284	0.9705	150	6238	171	1 1 1 1 0 1	5
1	0.7442713107241063	0.812	0.7766618842659014	0.7504232881184129	0.9583	160	6220	188	0 0 1 1 1 0	3
1	0.7442713107241063	0.812	0.7766618842659014	0.7504232881184129	0.9583	160	6220	188	0 1 1 1 1 0	4
3	0.7864476386036962	0.766	0.7760891590678826	0.7506316827155345	0.9616	153	6309	234	1 0 1 1 0 0	3
3	0.7864476386036962	0.766	0.7760891590678826	0.7506316827155345	0.9616	153	6309	234	1 1 1 1 0 0	4
2	0.6526610644257703	0.932	0.7677100494233938	0.7506546883323473	0.9685	123	6077	68	1 0 1 1 1 0	4
2	0.6526610644257703	0.932	0.7677100494233938	0.7506546883323473	0.9685	123	6077	68	1 1 1 1 1 0	5
1	0.7370304114490162	0.824	0.7780925401322002	0.7522536337075899	0.9616	160	6206	176	0 0 1 1 1 1	4
1	0.7370304114490162	0.824	0.7780925401322002	0.7522536337075899	0.9616	160	6206	176	0 1 1 1 1 1	5
1	0.6604717655468192	0.924	0.7703209670696124	0.7522733010976069	0.971	137	6078	76	1 0 1 1 1 0	4
1	0.6604717655468192	0.924	0.7703209670696124	0.7522733010976069	0.971	137	6078	76	1 1 1 1 1 0	5
7	0.6628324946081955	0.922	0.7712254286909243	0.7529246253978453	0.9684	141	6085	78	1 0 1 1 1 0	4
7	0.6628324946081955	0.922	0.7712254286909243	0.7529246253978453	0.9684	141	6085	78	1 1 1 1 1 0	5
2	0.7796610169491526	0.782	0.780828756864703	0.7553702693333444	0.9655	143	6302	218	1 0 1 1 0 0	3
2	0.7796610169491526	0.782	0.780828756864703	0.7553702693333444	0.9655	143	6302	218	1 1 1 1 0 0	4
6	0.8096256684491978	0.757	0.7824289405684755	0.7586519991226218	0.9599	0	6310	243	0 0 1 1 1 1	4
6	0.8096256684491978	0.757	0.7824289405684755	0.7586519991226218	0.9599	0	6310	243	0 1 1 1 1 1	5
8	0.7404444444444445	0.833	0.784	0.7589823999283737	0.9669	150	6231	167	0 0 1 1 1 1	4
8	0.7404444444444445	0.833	0.784	0.7589823999283737	0.9669	150	6231	167	0 1 1 1 1 1	5
6	0.8358038768529077	0.733	0.7810335641981887	0.7594701739928236	0.9613	0	6345	267	1 0 1 1 0 0	3
6	0.8358038768529077	0.733	0.7810335641981887	0.7594701739928236	0.9613	0	6345	267	1 1 1 1 0 0	4
8	0.7493188010899182	0.825	0.7853403141361256	0.7602378432902542	0.9646	150	6245	175	0 0 1 1 1 0	3
8	0.7493188010899182	0.825	0.7853403141361256	0.7602378432902542	0.9646	150	6245	175	0 1 1 1 1 0	4
9	0.7864271457085829	0.788	0.7872127872127871	0.762511908657811	0.9674	155	6284	212	1 0 1 1 0 0	3
9	0.7864271457085829	0.788	0.7872127872127871	0.762511908657811	0.9674	155	6284	212	1 1 1 1 0 0	4
5	0.6761487964989059	0.927	0.7819485449177562	0.764378245596308	0.9697	135	6125	73	1 0 1 1 1 0	4
5	0.6761487964989059	0.927	0.7819485449177562	0.764378245596308	0.9697	135	6125	73	1 1 1 1 1 0	5
6	0.8261826182618262	0.751	0.7867993713986379	0.7644372431695904	0.958	0	6330	249	0 0 1 1 1 0	3
6	0.8261826182618262	0.751	0.7867993713986379	0.7644372431695904	0.958	0	6330	249	0 1 1 1 1 0	4
6	0.7176954732510288	0.872	0.7873589164785553	0.7645812648760331	0.966	153	6165	128	1 0 1 1 1 0	4
6	0.7176954732510288	0.872	0.7873589164785553	0.7645812648760331	0.966	153	6165	128	1 1 1 1 1 0	5
4	0.7867063492063492	0.793	0.7898406374501992	0.7653905447577924	0.9646	159	6287	207	1 0 1 1 0 0	3
4	0.7867063492063492	0.793	0.7898406374501992	0.7653905447577924	0.9646	159	6287	207	1 1 1 1 0 0	4
5	0.7827788649706457	0.8	0.791295746785361	0.7668805283959733	0.9679	152	6296	200	1 0 1 1 0 0	3
5	0.7827788649706457	0.8	0.791295746785361	0.7668805283959733	0.9679	152	6296	200	1 1 1 1 0 0	4
8	0.6888556469708302	0.921	0.7881899871630296	0.7700167131668763	0.9738	130	6151	79	1 0 1 0 1 0	3
8	0.6888556469708302	0.921	0.7881899871630296	0.7700167131668763	0.9738	130	6151	79	1 1 1 0 1 0	4
8	0.6832116788321168	0.936	0.789873417721519	0.7734820715708675	0.9733	130	6135	64	1 0 1 1 1 0	4
8	0.6832116788321168	0.936	0.789873417721519	0.7734820715708675	0.9733	130	6135	64	1 1 1 1 1 0	5
8	0.7909715407262021	0.806	0.7984150569588905	0.7748591630419105	0.9698	150	6306	194	1 0 1 1 0 0	3
8	0.7909715407262021	0.806	0.7984150569588905	0.7748591630419105	0.9698	150	6306	194	1 1 1 1 0 0	4
1	0.8130165289256198	0.787	0.7997967479674797	0.7771537017389557	0.9671	160	6317	213	1 0 1 1 0 0	3
1	0.8130165289256198	0.787	0.7997967479674797	0.7771537017389557	0.9671	160	6317	213	1 1 1 1 0 0	4
7	0.8096212896622313	0.791	0.8002023267577137	0.7774162802653847	0.9657	160	6317	209	1 0 1 1 0 0	3
7	0.8096212896622313	0.791	0.8002023267577137	0.7774162802653847	0.9657	160	6317	209	1 1 1 1 0 0	4
